"word","date"
"bay","march 6 2020"
"bay","march 6 2020"
"drought","march 6 2020"
"seafood","march 6 2020"
"river","march 6 2020"
"bay","march 6 2020"
"ocean","march 6 2020"
"ocean","march 6 2020"
"ocean","march 6 2020"
"seafood","march 6 2020"
"fishing","march 6 2020"
"waves","march 6 2020"
"beached","march 6 2020"
"flooding","march 6 2020"
"waver","march 6 2020"
"rivers","march 6 2020"
"rivers","march 6 2020"
"river","march 6 2020"
"#driver","march 6 2020"
"#deliverydriver","march 6 2020"
"forest","march 6 2020"
"wave","march 6 2020"
"rivers","march 6 2020"
"bayless","march 6 2020"
"flooding","march 6 2020"
"#bubbayou","march 6 2020"
"bigredwavenow","march 6 2020"
"beach","march 6 2020"
"bay","march 6 2020"
"bay","march 6 2020"
"bay","march 6 2020"
"bay","march 6 2020"
"flooding","march 6 2020"
"river","march 6 2020"
"greenwavewbb","march 6 2020"
"wave","march 6 2020"
"ocean","march 6 2020"
"baylies","march 6 2020"
"bay","march 6 2020"
"wavered","march 6 2020"
"river","march 6 2020"
"flooding","march 6 2020"
"tide","march 6 2020"
"tide","march 6 2020"
"baynay","march 6 2020"
"#doorsoffallriver","march 6 2020"
"#fallriver","march 6 2020"
"river","march 6 2020"
"ebay","march 6 2020"
"bay","march 6 2020"
"tide","march 6 2020"
"waves","march 6 2020"
"bay","march 6 2020"
"peptide","march 6 2020"
"river","march 6 2020"
"river","march 6 2020"
"oceans","march 6 2020"
"wave","march 6 2020"
"ocean","march 6 2020"
"swimming","march 6 2020"
"ferry","march 6 2020"
"tide","march 6 2020"
"wave","march 6 2020"
"wave","march 6 2020"
"riverfront","march 6 2020"
"river","march 6 2020"
"wave","march 6 2020"
"noreaster","march 6 2020"
"wave","march 6 2020"
"river","march 6 2020"
"river","march 6 2020"
"river","march 6 2020"
"river","march 6 2020"
"river","march 6 2020"
"river","march 6 2020"
"river","march 6 2020"
"river","march 6 2020"
"river","march 6 2020"
"#fallriverma","march 6 2020"
"ocean","march 6 2020"
"beach","march 6 2020"
"waverider","march 6 2020"
"#rollwave","march 6 2020"
"hiking","march 6 2020"
"ocean","march 6 2020"
"#fallriverma","march 6 2020"
"seal","march 6 2020"
"seal","march 6 2020"
"ocean","march 6 2020"
"river","march 6 2020"
"forest","march 6 2020"
"hiking","march 6 2020"
"bay","march 6 2020"
"bay","march 6 2020"
"ocean","march 6 2020"
"river","march 6 2020"
"river","march 6 2020"
"#bigredwave","march 6 2020"
"seal","march 6 2020"
"#riverfront","march 6 2020"
"oceanfront","march 6 2020"
"fishing","march 6 2020"
"#fishing","march 6 2020"
"fishing","march 6 2020"
"river","march 6 2020"
"bay","march 6 2020"
"forest","march 6 2020"
"ocean","march 6 2020"
"ocean","march 6 2020"
"riverdance","march 6 2020"
"river","march 6 2020"
"forest","march 6 2020"
"hiking","march 6 2020"
"hiking","march 6 2020"
"chillwave","march 6 2020"
"synthwave","march 6 2020"
"retrowave","march 6 2020"
"bay","march 6 2020"
"ocean","march 6 2020"
"fishing","march 6 2020"
"bay","march 6 2020"
"ocean","march 6 2020"
"wave","march 6 2020"
"wetland","march 6 2020"
"beach","march 6 2020"
"seal","march 6 2020"
"#seals","march 6 2020"
"river","march 6 2020"
"#igersfallriver","march 6 2020"
"wave","march 6 2020"
"greenwave","march 6 2020"
"river","march 6 2020"
"bay","march 6 2020"
