"word","n"
"beach",412
"river",297
"bay",229
"wave",215
"ocean",175
"fishing",88
"swimming",67
"forest",66
"seafood",47
"flooding",46
"seal",42
"tide",37
"hiking",30
"ferry",28
"tides",19
"oceans",15
"drought",13
"#ocean",11
"bayern",11
"rivers",9
"#fishing",8
"boating",8
"waves",8
"#driver",7
"#fallriverfit",7
"#hobiefishing",7
"#thefranchiseairwaves",6
"baybee",6
"bayley",6
"beachgoers",6
"forests",6
"microwaved",6
"waver",6
"#doorsoffallriver",5
"bayberry",5
"kayaking",5
"#bayviewgoesvirtual",4
"#boating",4
"#buttonwoodsbeach",4
"#buzzardsbay",4
"airwaves",4
"bays",4
"ebay",4
"riverdale",4
"#adamdriverisoverparty",3
"#beach",3
"#beachday",3
"#fallriver",3
"#fishingislife",3
"#fishinglife",3
"#flyfishing",3
"#oceanstate",3
"#riverdale",3
"#seafood",3
"#tbofishing",3
"bayless",3
"catfishing",3
"shriver",3
"soundwave",3
"vaporwave",3
"wavered",3
"wavering",3
"wetlands",3
"#beachhouse",2
"#beachwedding",2
"#braveriver",2
"#clearwaterbeach",2
"#dortmundvsbayern",2
"#fallriverma",2
"#fishingaddict",2
"#fishingday",2
"#fishingtime",2
"#flooding",2
"#forestdale",2
"#lovetheocean",2
"#mysticriver",2
"#narragansettbay",2
"#newbedfordfishing",2
"#oceandreams",2
"#openhousealert",2
"#sportfishing",2
"#startthewave",2
"#synthwave",2
"#teamrivera",2
"#tidepodchallenge",2
"#waverlyearp",2
"~ocean",2
"$justicerivera26",2
"bayhawks",2
"baylor",2
"baywatch",2
"beachesanywhere",2
"beachside",2
"beachsouth",2
"bombays",2
"fishinggood",2
"forester",2
"forestry",2
"microwaveable",2
"oceanographers",2
"oceanseleven",2
"oceanside",2
"riverine",2
"riverview",2
"sealioning",2
"seals",2
"swimmingly",2
"tidewater",2
"twinrivercasino",2
"wakeforest",2
"wavelength",2
"waverider",2
"wavey",2
"#adamdriverismyfuckenboi",1
"#agroforestry",1
"#agroforesty",1
"#astonwaikikibeachhotel",1
"#bayergolf",1
"#bayhawkgrit",1
"#beachbody",1
"#beachemist",1
"#beachhousevibes",1
"#beachlife",1
"#beachpanning",1
"#beachphotography",1
"#beachprints",1
"#beachweddingdress",1
"#beachweddingideas",1
"#beachweddings",1
"#bigredwave",1
"#boatinglife",1
"#bringingtheclubtotheairwaves",1
"#bristolbayhawk",1
"#bubbayou",1
"#carpetcleaningfallriver",1
"#commercialfishing",1
"#crunchfallriver",1
"#deliverydriver",1
"#diegorivera",1
"#draughtsnotdroughts",1
"#driver8",1
"#eastbayri",1
"#eastonsbeach",1
"#ebayseller",1
"#fallriverfloristsupply",1
"#fallrivermass",1
"#fallriverpride",1
"#firstbeach",1
"#fishingdaily",1
"#fishingderby",1
"#fishingisgoodforyou",1
"#fishingtrip",1
"#flukefishing",1
"#forestry",1
"#giftideas",1
"#gofishing",1
"#igersfallriver",1
"#indianocean",1
"#islandbeaches",1
"#junkanoobeach",1
"#liveriverhouse",1
"#longbrightriver",1
"#lovefishing",1
"#makefallrivercount",1
"#mariarivera2020",1
"#mariariveraformayor",1
"#mobays",1
"#myrtlebeach",1
"#newwave",1
"#nocaptainseaweeds",1
"#oceandreamsreiki",1
"#oceanhouse",1
"#oceanlife",1
"#oceanliving",1
"#oceansciencesmeeting",1
"#oceanstatecait",1
"#oceanstateharleydavidson",1
"#oceanstatejoblot",1
"#oceanstateshields",1
"#oceanstatesoccer",1
"#oceanview",1
"#offshorefishing",1
"#oooobaybay",1
"#priorityfishingcharters",1
"#readyforthebeach",1
"#redwave",1
"#redwave2020",1
"#reforestation",1
"#river",1
"#riverfront",1
"#riverisland",1
"#riverside",1
"#riverthames",1
"#riverwalksanantonio",1
"#rolltide",1
"#rollwave",1
"#saltwaterfishing",1
"#seafoodlover",1
"#seafoodlovers",1
"#seafoodporn",1
"#seafoodtwiceaweek",1
"#seals",1
"#seaweed",1
"#sundaydriver",1
"#swimming",1
"#theoceanstate",1
"#theybelongintheocean",1
"#thrivers",1
"#townbeach",1
"#waikikibeach",1
"#wakeletwave",1
"#walkonthebeach",1
"#wearebayview",1
"#weirsbeach",1
"#woolybearonthebeach",1
"#worldoceansday",1
"$fallriverace",1
"2minutebeachclean",1
"3bayfacade",1
"agbayani",1
"antidefamation",1
"antidemocracy",1
"antidemocrat",1
"antidemon",1
"auburnforest",1
"backbay",1
"baya",1
"bayatakosthadi",1
"baybay",1
"baybe",1
"baybeee",1
"baybeeee",1
"baybeeeeeeeee",1
"baycoast",1
"bayeks",1
"baygtgtgtgtgtgtgt",1
"bayhawkgrit",1
"bayle",1
"bayleys",1
"baylies",1
"baynay",1
"bayo",1
"bayonetta",1
"baystate",1
"bayu",1
"bayuhbeeeeee",1
"baywhat",1
"beachbody",1
"beachcombing",1
"beachcuba",1
"beached",1
"beaches",1
"beachespeople",1
"beachpool",1
"beachwood",1
"beachy",1
"belowaveragejoemore",1
"betide",1
"bigredwavenow",1
"blackfishing",1
"brainwaves",1
"chillwave",1
"crimewave",1
"danrivermu",1
"deforestation",1
"driversthey",1
"eastertide",1
"elsealso",1
"fallriverdiocese",1
"ferrying",1
"forested",1
"forestland",1
"friver",1
"fryfishing",1
"greenwave",1
"greenwavewbb",1
"gtfrogwave",1
"handwave",1
"handwaved",1
"heatwave",1
"heybayleyif",1
"highlightwaved",1
"hikingrunning",1
"iwaverlly",1
"jbeach63",1
"kuribayashis",1
"lunabaylor",1
"metadiaphyseal",1
"microwaves",1
"multidecade",1
"noreaster",1
"oceana",1
"oceando",1
"oceaneyes1834",1
"oceanfront",1
"oceania",1
"oceanic",1
"oceansea",1
"oceanstatecandy",1
"overfishing",1
"parksbeachesand",1
"peptide",1
"reforestation",1
"resealable",1
"retrowave",1
"riptide",1
"riverahaskins",1
"riveras",1
"riverbank",1
"riverbeautiful",1
"riverbend",1
"riverboats",1
"riverdance",1
"rivere",1
"riverfront",1
"riverhope",1
"riverkokomosno",1
"rivermount",1
"rivernot",1
"riverwalk",1
"rodwave",1
"savethebayri",1
"screwdriver",1
"screwdrivers",1
"sealing",1
"seaweed",1
"shockwaves",1
"skyforest",1
"sndwave",1
"soundwaves",1
"spearfishing",1
"starfishing",1
"synthwave",1
"wavelengths",1
"waverlys",1
"wavetable",1
"wetland",1
"ybbay",1
"youcantusemysoftwareforwhatidefineasevilpurposes",1
